      Date & Time,  Trans,  Elap Time,  Data Trans,  Resp Time,  Trans Rate,  Throughput,  Concurrent,    OKAY,   Failed
2024-05-04 05:27:53,     12,      59.93,           0,       0.27,        0.20,        0.00,        0.05,      12,       0
2024-05-04 05:28:53,     14,      59.92,           0,       0.29,        0.23,        0.00,        0.07,      14,       0
2024-05-04 05:29:53,     14,      59.92,           0,       0.31,        0.23,        0.00,        0.07,      14,       0
2024-05-04 05:30:53,     12,      59.92,           0,       0.28,        0.20,        0.00,        0.06,      12,       0
2024-05-04 05:31:53,     10,      59.90,           0,       0.28,        0.17,        0.00,        0.05,      10,       0
2024-05-04 05:32:53,     21,      59.92,           0,       0.28,        0.35,        0.00,        0.10,      21,       0
2024-05-04 05:33:53,     21,      59.92,           0,       0.30,        0.35,        0.00,        0.10,      21,       0
2024-05-04 05:34:53,     27,      59.91,           0,       0.30,        0.45,        0.00,        0.13,      27,       0
2024-05-04 05:35:53,     24,      59.92,           0,       0.28,        0.40,        0.00,        0.11,      24,       0
2024-05-04 05:36:53,     23,      59.91,           0,       0.30,        0.38,        0.00,        0.12,      23,       0
2024-05-04 05:37:53,    114,      59.90,           0,       0.27,        1.90,        0.00,        0.52,     114,       0
2024-05-04 05:38:53,    130,      59.92,           0,       0.28,        2.17,        0.00,        0.60,     130,       0
2024-05-04 05:39:53,    103,      59.89,           0,       0.30,        1.72,        0.00,        0.51,     103,       0
2024-05-04 05:40:53,    113,      59.91,           0,       0.28,        1.89,        0.00,        0.53,     113,       0
2024-05-04 05:41:53,    108,      59.90,           0,       0.29,        1.80,        0.00,        0.52,     108,       0
2024-05-04 05:42:53,    334,      59.92,           0,       0.29,        5.57,        0.00,        1.62,     334,       0
2024-05-04 05:43:53,    346,      59.91,           0,       0.29,        5.78,        0.00,        1.65,     346,       0
2024-05-04 05:44:53,    346,      59.89,           0,       0.28,        5.78,        0.00,        1.62,     346,       0
2024-05-04 05:45:53,    332,      59.93,           0,       0.28,        5.54,        0.00,        1.57,     332,       0
2024-05-04 05:46:53,    344,      59.91,           0,       0.28,        5.74,        0.00,        1.59,     344,       0
2024-05-04 05:47:53,   1014,      59.94,           0,       0.63,       16.92,        0.00,       10.62,    1014,       0
2024-05-04 05:48:53,    484,      59.81,           0,       1.88,        8.09,        0.00,       15.21,     484,       0
2024-05-04 05:49:53,    817,      59.91,           0,       0.93,       13.64,        0.00,       12.75,     817,       0
2024-05-04 05:50:53,   1317,      59.90,           0,       0.41,       21.99,        0.00,        9.02,    1317,       0
2024-05-04 05:51:53,   1318,      59.85,           0,       0.40,       22.02,        0.00,        8.86,    1318,       0
2024-05-04 05:52:53,   1346,      59.93,           0,       0.80,       22.46,        0.00,       17.88,    1346,       0
2024-05-04 05:53:53,   1263,      59.87,           0,       0.92,       21.10,        0.00,       19.37,    1263,       0
2024-05-04 05:54:53,   1393,      59.89,           0,       0.77,       23.26,        0.00,       17.86,    1393,       0
2024-05-04 05:55:53,   1290,      59.83,           0,       0.89,       21.56,        0.00,       19.25,    1290,       0
2024-05-04 05:56:53,   1337,      59.79,           0,       0.80,       22.36,        0.00,       17.98,    1337,       0
2024-05-04 05:57:53,     25,      59.88,           0,       0.31,        0.42,        0.00,        0.13,      25,       0
2024-05-04 05:58:53,     21,      59.92,           0,       0.35,        0.35,        0.00,        0.12,      21,       0
2024-05-04 05:59:53,     21,      59.91,           0,       0.33,        0.35,        0.00,        0.11,      21,       0
2024-05-04 06:00:53,     21,      59.92,           0,       0.28,        0.35,        0.00,        0.10,      21,       0
2024-05-04 06:01:53,     24,      59.92,           0,       0.31,        0.40,        0.00,        0.13,      24,       0
2024-05-04 06:02:53,     25,      59.91,           0,       0.26,        0.42,        0.00,        0.11,      25,       0
2024-05-04 06:03:53,     22,      59.92,           0,       0.27,        0.37,        0.00,        0.10,      22,       0
2024-05-04 06:04:53,     24,      59.90,           0,       0.25,        0.40,        0.00,        0.10,      24,       0
2024-05-04 06:05:53,     18,      59.91,           0,       0.27,        0.30,        0.00,        0.08,      18,       0
2024-05-04 06:06:53,     24,      59.92,           0,       0.28,        0.40,        0.00,        0.11,      24,       0
